ID,Phone,Username,Password,Email,Voucher,First_name,Last_name,City,Address_line1,Address_line2,Postal_code,Type,Provider,Account_no,Expire_date
1,523444365,vmh3007,32565,oconnell.britney@yahoo.com,BLACKFRIDAY,Minh Hoàng,Võ,Ho Chi Minh,32 Phan Xích Long - Phú Nhuận,,725000,,,1,30/12/2022
2,333214324,khanh12345,12323,gonzalo.bergstrom@towne.com,AFF11FINAL,Quốc Khánh,Bùi,Ho Chi Minh,125 Trương Định - Tân Bình,,700915,,,2,9/1/2023
3,823388343,minhqlcn1235,42133,ukerluke@strosin.com,T11BANMOI30K2,Nhật Minh,Phạm,Ho Chi Minh,219 Hòa Hảo - Quận 10,,700910,,,3,1/12/2022
4,831123333,nhansuper654,44163,sfeil@yahoo.com,SPPP3NOV8K,Trọng Nhân,Trần,Ho Chi Minh,25 Hậu Giang - Quận 6,,746000,,,4,4/2/2023
5,461635152,nhut258,32442,fisher.gustave@bernhard.com,LIFEMC11A,Minh Nhựt,Trần,Ho Chi Minh,52 Lê Văn Duyệt - Quận 9,,715000,,,5,6/12/2022
6,453561346,dinhramos444,53261,gbogan@thiel.biz,WEE78,Phương Đình,Trần,Ho Chi Minh,12 Bạch Đằng - Bình Thạnh,,717000,,,6,3/1/2023
7,666112661,huy123,44311,whitney55@yahoo.com,LIFEMC11B,Gia Huy,Nguyễn,Ho Chi Minh,24 Võ Văn Ngân - Thủ Đức,,720100,,,7,2/12/2022
8,555266443,thuanpham05,56155,cooper.christiansen@blick.com,COSBK100K,Đình Thuận,Phạm,Ho Chi Minh,45 Xuân Diệu - Thủ Đức,,721500,,,8,17/3/2023
9,241344241,vy123,33431,howe.tyra@gmail.com,LIFEMC11C,Trần Vỹ,Nguyễn,Ho Chi Minh,78 Kỳ Hòa - Quận 10,,700940,,,9,7/8/2023
10,666545245,canhxuan578,51126,feest.michaela@yahoo.com,LIFEMC11BPA,Xuân Cảnh,Nguyễn,Ho Chi Minh,98 Quang Trung - Gò Vấp,,728100,,,10,1/3/2023